4100, 4100
4102, 4102
8, 8
2056, 2056
10, 10
4106, 4106
14, 14
15, 15
16, 16
17, 17
19, 19
20, 20
2068, 2068
2072, 2072
4121, 4121
2073, 2073
4124, 4124
30, 30
4127, 4127
2079, 2079
4129, 4129
34, 34
35, 35
36, 36
4130, 4130
4135, 4135
40, 40
39, 39
41, 41
43, 43
47, 47
48, 48
2096, 2096
50, 50
2099, 2099
52, 52
2100, 2100
49, 49
55, 55
2103, 2103
56, 56
4151, 4151
2107, 2107
60, 60
61, 61
59, 59
62, 62
4155, 4155
66, 66
68, 68
4165, 4165
69, 69
71, 71
70, 70
73, 73
78, 78
2127, 2127
2128, 2128
81, 81
2132, 2132
4181, 4181
86, 86
2134, 2134
2136, 2136
2135, 2135
89, 89
91, 91
4187, 4187
2143, 2143
2144, 2144
98, 98
2147, 2147
2154, 2154
2155, 2155
4211, 4211
116, 116
2165, 2165
117, 117
2167, 2167
120, 120
121, 121
125, 125
127, 127
4223, 4223
2179, 2179
135, 135
136, 136
2185, 2185
2186, 2186
2187, 2187
2188, 2188
4237, 4237
4238, 4238
143, 143
2192, 2192
2193, 2193
151, 151
152, 152
153, 153
2205, 2205
161, 161
171, 171
182, 182
183, 183
184, 184
185, 185
186, 186
2234, 2234
4281, 4281
187, 187
190, 190
2242, 2242
2247, 2247
2248, 2248
4299, 4299
206, 206
2254, 2254
2256, 2256
2257, 2257
2255, 2255
212, 212
213, 213
2260, 2260
215, 215
216, 216
2262, 2262
2268, 2268
221, 221
224, 224
225, 225
4323, 4323
2282, 2282
236, 236
2286, 2286
2287, 2287
2288, 2288
4339, 4339
2294, 2294
2295, 2295
4345, 4345
2298, 2298
255, 255
256, 256
4354, 4354
260, 260
4357, 4357
262, 262
263, 263
267, 267
4363, 4363
2315, 2315
2319, 2319
2321, 2321
2322, 2322
2323, 2323
277, 277
280, 280
281, 281
282, 282
286, 286
287, 287
289, 289
291, 291
292, 292
2345, 2345
2348, 2348
305, 305
307, 307
308, 308
309, 309
312, 312
313, 313
2361, 2361
2363, 2363
2362, 2362
317, 317
2364, 2364
318, 318
320, 320
321, 321
319, 319
2371, 2371
2372, 2372
2373, 2373
2374, 2374
2375, 2375
2376, 2376
2377, 2377
2378, 2378
2379, 2379
2380, 2380
2381, 2381
337, 337
2385, 2385
2386, 2386
338, 338
2389, 2389
2392, 2392
2393, 2393
2394, 2394
2395, 2395
2396, 2396
347, 347
350, 350
2400, 2400
2401, 2401
2402, 2402
2403, 2403
354, 354
2413, 2413
366, 366
367, 367
368, 368
370, 370
2420, 2420
2421, 2421
379, 379
380, 380
381, 381
382, 382
383, 383
384, 384
386, 386
388, 388
2437, 2437
2441, 2441
394, 394
2446, 2446
2447, 2447
2448, 2448
401, 401
405, 405
2456, 2456
2457, 2457
410, 410
2459, 2459
2458, 2458
415, 415
2465, 2465
418, 418
425, 425
427, 427
428, 428
2476, 2476
2477, 2477
2935, 2935
435, 435
436, 436
437, 437
438, 438
440, 440
445, 445
446, 446
448, 448
451, 451
453, 453
459, 459
461, 461
2510, 2510
463, 463
462, 462
466, 466
467, 467
468, 468
2517, 2517
474, 474
476, 476
477, 477
484, 484
485, 485
2534, 2534
2535, 2535
491, 491
492, 492
494, 494
495, 495
2545, 2545
2546, 2546
2547, 2547
2548, 2548
2549, 2549
2550, 2550
2551, 2551
502, 502
506, 506
507, 507
2559, 2559
516, 516
2565, 2565
517, 517
2566, 2566
2568, 2568
518, 518
522, 522
523, 523
519, 519
525, 525
2574, 2574
527, 527
2572, 2572
529, 529
530, 530
531, 531
2573, 2573
533, 533
2584, 2584
541, 541
2589, 2589
544, 544
2593, 2593
545, 545
548, 548
554, 554
2605, 2605
558, 558
559, 559
2608, 2608
560, 560
566, 566
2615, 2615
568, 568
2617, 2617
2618, 2618
570, 570
575, 575
2624, 2624
578, 578
582, 582
586, 586
2645, 2645
605, 605
608, 608
611, 611
612, 612
614, 614
615, 615
616, 616
617, 617
621, 621
622, 622
623, 623
2676, 2676
630, 630
631, 631
632, 632
633, 633
634, 634
2679, 2679
2682, 2682
637, 637
638, 638
2691, 2691
644, 644
2692, 2692
646, 646
2698, 2698
2700, 2700
2701, 2701
2703, 2703
2705, 2705
658, 658
661, 661
2715, 2715
2720, 2720
679, 679
680, 680
681, 681
684, 684
2743, 2743
2745, 2745
700, 700
2750, 2750
702, 702
705, 705
2753, 2753
707, 707
2756, 2756
709, 709
2755, 2755
711, 711
708, 708
2761, 2761
2762, 2762
2763, 2763
2758, 2758
2774, 2774
2776, 2776
731, 731
735, 735
2784, 2784
2794, 2794
750, 750
751, 751
752, 752
753, 753
754, 754
2804, 2804
768, 768
2816, 2816
770, 770
2821, 2821
776, 776
777, 777
778, 778
779, 779
780, 780
2828, 2828
2830, 2830
2843, 2843
2844, 2844
797, 797
798, 798
799, 799
2847, 2847
800, 800
802, 802
2851, 2851
803, 803
804, 804
806, 806
807, 807
808, 808
812, 812
814, 814
819, 819
826, 826
2876, 2876
2877, 2877
2878, 2878
831, 831
832, 832
2880, 2880
2881, 2881
835, 835
836, 836
2886, 2886
839, 839
840, 840
841, 841
838, 838
842, 842
844, 844
2894, 2894
847, 847
846, 846
2897, 2897
850, 850
851, 851
852, 852
853, 853
2903, 2903
2904, 2904
2905, 2905
2906, 2906
2907, 2907
2908, 2908
862, 862
863, 863
2913, 2913
865, 865
867, 867
868, 868
2916, 2916
870, 870
2919, 2919
2920, 2920
2921, 2921
875, 875
877, 877
878, 878
879, 879
880, 880
881, 881
882, 882
2930, 2930
885, 885
2934, 2934
887, 887
888, 888
2937, 2937
2938, 2938
2939, 2939
892, 892
893, 893
2941, 2941
2940, 2940
895, 895
897, 897
896, 896
2947, 2947
907, 907
2956, 2956
910, 910
913, 913
914, 914
2963, 2963
915, 915
921, 921
923, 923
924, 924
2973, 2973
2974, 2974
2975, 2975
2976, 2976
2977, 2977
2978, 2978
2979, 2979
933, 933
2982, 2982
2983, 2983
2985, 2985
940, 940
941, 941
942, 942
2991, 2991
944, 944
943, 943
947, 947
948, 948
2999, 2999
3001, 3001
3005, 3005
3009, 3009
963, 963
964, 964
965, 965
3017, 3017
976, 976
3025, 3025
3026, 3026
3027, 3027
3024, 3024
979, 979
980, 980
3034, 3034
3035, 3035
3037, 3037
1002, 1002
3051, 3051
1004, 1004
1005, 1005
1007, 1007
1017, 1017
1019, 1019
1027, 1027
1028, 1028
3078, 3078
3080, 3080
1037, 1037
1042, 1042
3090, 3090
3099, 3099
3100, 3100
3105, 3105
1065, 1065
1068, 1068
1069, 1069
1070, 1070
1071, 1071
1072, 1072
1073, 1073
1075, 1075
1083, 1083
3135, 3135
3136, 3136
1091, 1091
3139, 3139
1093, 1093
3142, 3142
3140, 3140
1097, 1097
1104, 1104
1107, 1107
1109, 1109
1113, 1113
1114, 1114
3165, 3165
3166, 3166
3167, 3167
1117, 1117
3169, 3169
3170, 3170
1121, 1121
1120, 1120
3177, 3177
1134, 1134
1136, 1136
1137, 1137
1141, 1141
1142, 1142
3191, 3191
3192, 3192
1151, 1151
3199, 3199
3201, 3201
3202, 3202
1152, 1152
1153, 1153
3205, 3205
1160, 1160
3211, 3211
3212, 3212
1163, 1163
3215, 3215
1168, 1168
1177, 1177
1181, 1181
1183, 1183
1193, 1193
1194, 1194
3243, 3243
3244, 3244
1196, 1196
1195, 1195
1202, 1202
1208, 1208
1213, 1213
1214, 1214
1216, 1216
1218, 1218
1219, 1219
1226, 1226
1228, 1228
3283, 3283
3284, 3284
1238, 1238
1240, 1240
1242, 1242
3293, 3293
3294, 3294
3295, 3295
3296, 3296
3297, 3297
3298, 3298
3299, 3299
1256, 1256
1262, 1262
1263, 1263
3312, 3312
3314, 3314
3315, 3315
1270, 1270
1271, 1271
3328, 3328
1292, 1292
1294, 1294
3348, 3348
3349, 3349
1302, 1302
3353, 3353
3356, 3356
3359, 3359
1312, 1312
1316, 1316
1321, 1321
3370, 3370
3371, 3371
1326, 1326
1328, 1328
1329, 1329
1331, 1331
1332, 1332
3381, 3381
1337, 1337
1338, 1338
1339, 1339
1340, 1340
3387, 3387
1342, 1342
3386, 3386
3389, 3389
1341, 1341
3394, 3394
1347, 1347
3395, 3395
1350, 1350
1351, 1351
3400, 3400
1352, 1352
3403, 3403
3408, 3408
3412, 3412
1366, 1366
3424, 3424
3425, 3425
3427, 3427
3429, 3429
1383, 1383
3434, 3434
1386, 1386
1387, 1387
1391, 1391
3443, 3443
3455, 3455
3458, 3458
3459, 3459
3463, 3463
3469, 3469
1422, 1422
1426, 1426
1433, 1433
1437, 1437
3488, 3488
1441, 1441
1443, 1443
3501, 3501
1456, 1456
3505, 3505
1460, 1460
3509, 3509
3510, 3510
3511, 3511
3512, 3512
3513, 3513
1467, 1467
1468, 1468
3518, 3518
3523, 3523
3524, 3524
3525, 3525
1479, 1479
3529, 3529
1488, 1488
3552, 3552
1509, 1509
1513, 1513
1516, 1516
1517, 1517
3569, 3569
3570, 3570
1525, 1525
1526, 1526
1528, 1528
1531, 1531
1533, 1533
1534, 1534
1536, 1536
1537, 1537
1540, 1540
1543, 1543
3593, 3593
1549, 1549
1562, 1562
1567, 1567
1575, 1575
1585, 1585
3635, 3635
1610, 1610
1612, 1612
3663, 3663
1616, 1616
3665, 3665
3666, 3666
3667, 3667
3668, 3668
1619, 1619
3669, 3669
1625, 1625
1626, 1626
1629, 1629
3679, 3679
3680, 3680
3681, 3681
1634, 1634
3682, 3682
1639, 1639
1640, 1640
3688, 3688
3690, 3690
3689, 3689
3691, 3691
1649, 1649
1651, 1651
1654, 1654
1656, 1656
1657, 1657
3708, 3708
1663, 1663
1664, 1664
1670, 1670
1671, 1671
1673, 1673
3723, 3723
1678, 1678
1683, 1683
1686, 1686
1696, 1696
3744, 3744
3746, 3746
3745, 3745
3748, 3748
3749, 3749
3750, 3750
3756, 3756
3759, 3759
3760, 3760
3761, 3761
3762, 3762
3764, 3764
1721, 1721
3770, 3770
1723, 1723
1726, 1726
1727, 1727
1728, 1728
1729, 1729
1735, 1735
3787, 3787
1743, 1743
1744, 1744
1745, 1745
1746, 1746
1747, 1747
3796, 3796
1752, 1752
1779, 1779
1782, 1782
1784, 1784
1790, 1790
3840, 3840
3841, 3841
3843, 3843
1799, 1799
3859, 3859
3862, 3862
1819, 1819
3873, 3873
3876, 3876
1828, 1828
1830, 1830
1834, 1834
1835, 1835
3884, 3884
1837, 1837
1838, 1838
3887, 3887
1839, 1839
1840, 1840
1856, 1856
3905, 3905
3906, 3906
1859, 1859
3908, 3908
1861, 1861
3912, 3912
3913, 3913
1866, 1866
3914, 3914
3916, 3916
3917, 3917
3915, 3915
1886, 1886
3934, 3934
3937, 3937
3938, 3938
3939, 3939
3940, 3940
3941, 3941
1899, 1899
1901, 1901
3957, 3957
1911, 1911
1915, 1915
3964, 3964
1917, 1917
1922, 1922
3971, 3971
1934, 1934
1935, 1935
3993, 3993
3994, 3994
1951, 1951
1952, 1952
4008, 4008
1968, 1968
1972, 1972
1978, 1978
4034, 4034
2003, 2003
2004, 2004
2005, 2005
2006, 2006
2007, 2007
2008, 2008
2020, 2020
2021, 2021
4069, 4069
2024, 2024
4073, 4073
2026, 2026
2032, 2032
4081, 4081
4082, 4082
4083, 4083
4084, 4084
4086, 4086
4087, 4087
4089, 4089
2045, 2045
2046, 2046
